Time,Prediction
32,24.9157968607564
33,26.5429117645183
37,33.0994579562357
