Time,Prediction
37,27.670374539888
32,24.9157968607564
33,26.5429117645183
37,33.0994579562357
23,19.4948066680108
24,21.3861034423288
30,33.1876340106099
17,12.5099644980862
18,14.6086654456125
20,18.8125940895433
23,25.1215232334599
22,23.0185468625886
23,25.1215232334599
24,27.2244995958706
17,12.9283033530391
18,15.0626597872108
19,17.1828860999907
18,15.0626597872108
