Time,Prediction
17,12.9283033530391
18,15.0626597872108
19,17.1828860999907
18,15.0626597872108
