Time,Prediction
17,12.5099644980862
18,14.6086654456125
20,18.8125940895433
23,25.1215232334599
22,23.0185468625886
23,25.1215232334599
24,27.2244995958706
