Time,Prediction
23,19.4948066680108
24,21.3861034423288
30,33.1876340106099
